<softinstall xmlns="http://www.softaculous.com">
	<settings>
		<group>
			<heading>{{site_set}}</heading>
			<input type="text" name="site_name" size="30" value="Lime Survey">
				<head>{{site_name}}</head>
			</input>
		</group>
		<group>
			<heading>{{db_set}}</heading>
			<input type="text" name="dbprefix" size="30" value="ls_">
				<head>{{db_pre}}</head>
				<optional>true</optional>
			</input>
		</group>
		<group>
			<heading>{{ad_act}}</heading>
			<input type="text" name="admin_username" size="30" value="admin">
				<head>{{ad_name}}</head>
			</input>
			<input type="text" name="admin_pass" size="30" value="pass">
				<head>{{ad_pass}}</head>
				<handle>__ad_pass</handle>
			</input>
			<input type="text" name="admin_realname" size="30" value="Administrator">
				<head>{{real_name}}</head>
			</input>
			<input type="text" name="admin_email" size="30" value="admin" softmail="true">
				<head>{{ad_email}}</head>
				<handle>__email_address</handle>
			</input>
		</group>
		<group>
			<heading>{{ad_lang}}</heading>
			<input type="select">
				<select name="language">
					<option value="en">English</option>
					<option value="ar">Arabic</option>
					<option value="he">Hebrew</option>
					<option value="ru">Russian</option>
					<option value="ur">Urdu</option>
					<option value="fa">Persian</option>
					<option value="hi">Hindi</option>
					<option value="zh-Hans">Chinese (Simplified)</option>
					<option value="zh-Hant-HK">Chinese (Traditional Hong kong)</option>
					<option value="zh-Hant-TW">Chinese (Traditional Taiwan)</option>
					<option value="th">Thai</option>
					<option value="ko">Korean</option>
					<option value="el">Greek</option>
					<option value="cs">Czech</option>
					<option value="bg">Bulgarian</option>
					<option value="ja">Japanese</option>
					<option value="bs">Bosnian</option>
					<option value="da">Danish</option>
					<option value="de">German</option>
					<option value="es">Spanish</option>
					<option value="it-formal">Italian Formal</option>
					<option value="it">Italian</option>
					<option value="fr">French</option>
					<option value="hu">Hungarian</option>
					<option value="nl">Dutch</option>
					<option value="nl-informal">Dutch Informal</option>
					<option value="nb">Norwegian (Bokmal)</option>
					<option value="nn">Norwegian (Nynorsk)</option>
					<option value="pl">Polish</option>
					<option value="pt">Portuguese</option>
					<option value="pt-BR">Portuguese (Brazilian)</option>
					<option value="ro">Romanian</option>
					<option value="sq">Albanian</option>
					<option value="sk">Slovak</option>
					<option value="sl">Slovenian</option>
					<option value="sr">Serbian</option>
					<option value="fi">Finnish</option>
					<option value="sv">Swedish</option>
					<option value="tr">Turkish</option>
					<option value="vi">Vietnamese</option>
					<option value="mn">Mongolian</option>
					<option value="et">Estonian</option>
					<option value="lt">Lithuanian</option>
					<option value="lv">Latvian</option>
					<option value="hr">Croatian</option>
					<option value="ca-valencia">Catalan (Valencian)</option>
					<option value="ca">Catalan</option>
					<option value="id">Indonesian</option>
				</select>
				<head>{{select_lang}}</head>
			</input>
		</group>
	</settings>
	<db>mysql</db>
	<files>
		<exclude>installer/*</exclude>
		<exclude>installer/*/*</exclude>
		<exclude>installer/*/*/*</exclude>
		<exclude>installer/*/*/*/*</exclude>
	</files>
</softinstall>