<soft xmlns="http://www.softaculous.com">
	<overview>
		<img src="dokuwiki-128.png" style="float:right; margin:10px" alt="" />{{overview}}		
	</overview>
	<features>
    {{features}}
	</features>
	<demo>
		http://www.softaculous.com/demos/DokuWiki
	</demo>
	<ratings>
		http://www.softaculous.com/softwares/wikis/DokuWiki
	</ratings>
	<space>
		11722702
	</space>
	<support>
		http://www.dokuwiki.org/
	</support>
	<version>
		2014-09-29a
	</version>
	<mod>26</mod>
	<release_date>29-09-2014</release_date>
	<admin>doku.php?id=start&amp;do=login</admin>
	<vr search="2014-09-29a">2014-09-29+</vr>
	<softversion>
		4.1.7
	</softversion>
	<requirement check="php" type="version" operator="ge" value="5.2.0" />
	<languages>
		<english-overview><font size="5" color="#182e7a">DokuWiki</font> is a standards compliant, simple to use Wiki, mainly aimed at creating documentation of any kind. It is targeted at developer teams, workgroups and small companies. It has a simple but powerful syntax which makes sure the datafiles remain readable outside the Wiki and eases the creation of structured texts. All data is stored in plain text files, no database is required. 
		<br />
		<br />
		DokuWiki has many features, and many more can be added through free plugin downloads.
		<br />
		<br />
		The DokuWiki engine is licensed under <a href="http://www.gnu.org/licenses/gpl.html" target="_blank">GNU General Public License</a> Version 2.
		</english-overview>		
		<english-features>
<font size="4" color="#182e7a">Basic Features</font>
<ul>
<li>Simple syntax</li>
<li>Unlimited page revisions</li>
<li>Recent changes</li>
<li>Colored side by side diff support</li>
<li>Uploading and embedding of images and other media</li>
<li>Customizable Interwiki links</li>
<li>Optional CamelCase support</li>
<li>Content can be categorized in namespaces, easily browsable through an automatic index</li>
</ul>

<font size="4" color="#182e7a">High Usability</font>
<ul>
<li>Section Editing allows editing of small parts of a page</li>
<li>Toolbar and accesskeys make editing easy for beginners and professionals</li>
<li>Easy navigation through breadcrumbs</li>
<li>Automatic table of contents generation</li>
<li>Locking to avoid edit conflicts</li>
</ul>

<font size="4" color="#182e7a">Access Control and Anti-Spam Measures</font>
<ul>
<li>Simple support for read only pages</li>
<li>Extended Access Control Lists</li>
<li>Spam blacklist</li>
<li>Delayed Indexing</li>
<li>Mailencryption and rel=nofollow support</li>
</ul>

<font size="4" color="#182e7a">International</font>
<ul>
<li>Support for over 30 languages</li>
<li>Full UTF-8 support</li>
<li>Romanization support for nicer URLs</li>
<li>Optional automatic plural linking for English wikis.</li>
</ul>

<font size="4" color="#182e7a">Fast</font>
<ul>
<li>Index-based fast fulltext search</li>
<li>Pagecaching for quicker rendering</li>
<li>Ajax-enhanced interface</li>
</ul>

<font size="4" color="#182e7a">Extensible</font>
<ul>
<li>Layout customizable through templates (over 50 already available)</li>
<li>Features can be extended through plugins (over 450 already available)</li>
</ul>

<font size="4" color="#182e7a">Easy Integration</font>
<ul>
<li>No database required, uses plain text files</li>
<li>Syndication of recent changes as RSS or ATOM feeds</li>
<li>Authentication Backends for integrating with LDAP, MySQL, Postgres and others</li>
<li>Open Source and well documented source code</li>
<li>Easy to edit</li>
</ul>

		</english-features>
	</languages>
</soft>