<softinstall xmlns="http://www.softaculous.com">
	<settings>
		<group>
			<heading>{{wiki_settings}}</heading>
			<input type="text" name="sn" size="30" value="My DokuWiki">
				<head>{{wiki_name}}</head>
				<exp>{{wiki_name_exp}}</exp>
			</input>
			<input type="select">
				<select name="acl_policy" style="width:100px">
					<option value="0" selected="selected">{{acl_0}}</option>
                    <option value="1">{{acl_1}}</option>
                    <option value="2">{{acl_2}}</option>
				</select>
				<head>{{acl_policy}}</head>
				<exp>
				{{acl_0_exp}}<br />
				{{acl_1_exp}}<br />
				{{acl_2_exp}}<br />
				</exp>
			</input>
		</group>
		<group>
			<heading>{{ad_act}}</heading>
			<input type="text" name="admin_username" size="30" value="admin">
				<head>{{ad_name}}</head>
				<handle>__admin_username</handle>
			</input>
			<input type="text" name="admin_pass" size="30" value="pass">
				<head>{{ad_pass}}</head>
				<handle>__admin_pass</handle>
			</input>
			<input type="text" name="admin_realname" size="30" value="Name">
				<head>{{real_name}}</head>
				<handle>__real_name</handle>
			</input>
			<input type="text" name="admin_email" size="30" value="admin" softmail="true">
				<head>{{ad_email}}</head>
				<handle>__email_address</handle>
			</input>
		</group>
		<group>
			<heading>{{ad_lang}}</heading>
			<input type="select">
				<select name="language">
					<option value="en">English</option>
					<option value="ar">Arabic</option>
					<option value="af">Afrikaans</option>
					<option value="az">Azerbaijani</option>
					<option value="bg">Bulgarian</option>
					<option value="ca">Catalan</option>
					<option value="ca-valencia">Catalan-valencian</option>
					<option value="cs">Czech</option>
					<option value="da">Danish</option>
					<option value="de">German</option>
					<option value="de-informal">German-informal</option>
					<option value="el">Greek</option>
					<option value="eo">Esperanto</option>
					<option value="es">Spanish</option>
					<option value="et">Estonian</option>
					<option value="eu">Basque</option>
					<option value="fa">Persian</option>
					<option value="fi">Finnish</option>
					<option value="fo">Faroese</option>
					<option value="fr">French</option>
					<option value="gl">Galician</option>
					<option value="he">Hebrew</option>
					<option value="hi">Hindi</option>
					<option value="hr">Croatian</option>
					<option value="hu">Hungarian</option>
					<option value="ia">Interlingua</option>
					<option value="id">Indonesian</option>
					<option value="is">Icelandic</option>
					<option value="it">Italian</option>
					<option value="ja">Japanese</option>
					<option value="km">Khmer</option>
					<option value="ko">Korean</option>
					<option value="ku">Kurdish</option>
					<option value="la">Latin</option>
					<option value="lb">Luxembourgish</option>
					<option value="lt">Lithuanian</option>
					<option value="lv">Latvian</option>
					<option value="mg">Malagasy</option>
					<option value="mk">Macedonian</option>
					<option value="mr">Marathi</option>
					<option value="ne">Nepali</option>
					<option value="nl">Dutch</option>
					<option value="no">Norwegian</option>
					<option value="pl">Polish</option>
					<option value="pt">Portuguese</option>
					<option value="pt-br">Portuguese (Brazil)</option>
					<option value="ro">Romanian</option>
					<option value="ru">Russian</option>
					<option value="sk">Slovak</option>
					<option value="sl">Slovene</option>
					<option value="sq">Albanian</option>
					<option value="sr">Serbian</option>
					<option value="sv">Swedish</option>
					<option value="th">Thai</option>
					<option value="tr">Turkish</option>
					<option value="uk">Ukrainian</option>
					<option value="vi">Vietnamese</option>
					<option value="zh">Chinese</option>
					<option value="zh-tw">Chinese (Taiwan)</option>
				</select>
				<head>{{select_lang}}</head>
			</input>
		</group>
	</settings>
	<files>
		<exclude>install.php</exclude>
	</files>
</softinstall>