<softinstall xmlns="http://www.softaculous.com">
	<settings>
		<group>
			<heading>{{store_set}}</heading>
			<input type="text" name="store_name" size="30" value="My Store">
				<head>{{store_name}}</head>
			</input>
			<input type="textarea">
				<textarea name="store_address" cols="30" rows="5">Store Name,
Address,
Phone</textarea>
				<head>{{store_address}}</head>
			</input>
		</group>
		<group>
			<heading>{{db_set}}</heading>
			<input type="text" name="dbprefix" size="30" value="cc_">
				<head>{{db_pre}}</head>
				<optional>true</optional>
			</input>
		</group>
		<group>
			<heading>{{ad_act}}</heading>
			<input type="text" name="admin_username" size="30" value="admin">
				<head>{{ad_name}}</head>
			</input>
			<input type="text" name="admin_pass" size="30" value="pass">
				<head>{{ad_pass}}</head>
				<handle>__ad_pass</handle>
			</input>
			<input type="text" name="admin_realname" size="30" value="Admin">
				<head>{{real_name}}</head>
			</input>
			<input type="text" name="admin_email" size="30" value="admin" softmail="true">
				<head>{{ad_email}}</head>
				<handle>__email_address</handle>
			</input>
		</group>
		<group>
			<heading>{{ad_lang}}</heading>
			<input type="select">
				<select name="language">
					<option value="en-US">English</option>
					<option value="en-GB">English (UK)</option>
					<option value="es-ES">Spanish</option>
					<option value="nl-NL">Dutch</option>
					<option value="fr-FR">French</option>
					<option value="de-DE">German</option>
					<option value="he-IL">Hebrew</option>
					<option value="dk-DK">Danish</option>
					<option value="tr-TR">Turkish</option>
				</select>
				<head>{{select_lang}}</head>
			</input>
		</group>
	</settings>
	<db>mysql</db>
	<files>
		<exclude>setup/*</exclude>
		<exclude>setup/*/*</exclude>
		<exclude>setup/*/*/*</exclude>
		<exclude>setup/*/*/*/*</exclude>
		<exclude>setup/*/*/*/*/*</exclude>
	</files>
</softinstall>