<softinstall xmlns="http://www.softaculous.com">
	<settings>
		<group>
			<heading>{{ad_act}}</heading>
			<input type="text" name="admin_username" size="30" value="admin">
				<head>{{ad_name}}</head>
			</input>
			<input type="text" name="admin_pass" size="30" value="password">
				<head>{{ad_pass}}</head>
				<handle>__ad_pass</handle>
			</input>
			<input type="text" name="admin_email" size="30" value="admin" softmail="true">
				<head>{{ad_email}}</head>
				<handle>__email_address</handle>
			</input>
		</group>
		<group>
			<heading>{{ad_lang}}</heading>
			<input type="select">
				<select name="language">
					<option value="en">English (US)</option>
					<option value="en_UK">English</option>
					<option value="es">Spanish</option>
					<option value="ko">Korean</option>
					<option value="ca">Catalan</option>					
					<option value="cn">Chinese Simplified</option>
					<option value="zh-tw">Chinese Traditional</option>
					<option value="cs">Czech</option>
					<option value="da">Danish</option>
					<option value="de">German</option>
					<option value="et">Estonian</option>
					<option value="el">Greek</option>
					<option value="fr">French</option>
					<option value="hr">Croatian</option>
					<option value="it">Italian</option>
					<option value="hu">Hungarian</option>					
					<option value="nl">Dutch</option>
					<option value="nb">Norwegian</option>
					<option value="pl">Polish</option>
					<option value="pt_BR">Portuguese (Brazilian)</option>
					<option value="ru">Russian</option>
					<option value="ro">Romanian</option>
					<option value="fi">Finnish</option>
					<option value="sv">Swedish</option>
					<option value="tr">Turkish</option>
					<option value="th">Thailand</option>
					<option value="vi">Vietnamese</option>
					<option value="bg">Bulgarian</option>
				</select>
				<head>{{select_lang}}</head>
			</input>
		</group>
	</settings>
	<db>mysql</db>
	<datadir>groupofficedata</datadir>
	<cron>
		<min>{rand(0,14)},{rand(15,29)},{rand(30,44)},{rand(45,59)}</min>
		<hour>*</hour>
		<day>*</day>
		<month>*</month>
		<weekday>*</weekday>
		<command>[[php_path]] [[softpath]]/groupofficecli.php -c=[[softpath]]/config.php -r=core/cron/run -q > /dev/null</command>
	</cron>
</softinstall>