<softinstall xmlns="http://www.softaculous.com">
	<settings>
		<group>
			<heading>{{db_set}}</heading>
			<input type="text" name="dbprefix" size="30" value="wt_">
				<head>{{db_pre}}</head>
				<optional>true</optional>
			</input>
		</group>
		<group>
			<heading>{{ad_act}}</heading>
			<input type="text" name="admin_username" size="30" value="admin">
				<head>{{ad_name}}</head>
			</input>
			<input type="text" name="admin_pass" size="30" value="password">
				<head>{{ad_pass}}</head>
				<handle>__ad_pass</handle>
			</input>
			<input type="text" name="admin_realname" size="30" value="Administrator">
				<head>{{real_name}}</head>
			</input>
			<input type="text" name="admin_email" size="30" value="admin" softmail="true">
				<head>{{ad_email}}</head>
				<handle>__email_address</handle>
			</input>
		</group>
		<group>
			<heading>{{ad_lang}}</heading>
			<input type="select">
				<select name="language">
					<option value="en_US">English</option>
					<option value="en_GB">British English</option>
					<option value="bs">Bosnian</option>
					<option value="ca">Catalan</option>
					<option value="cs">Czech</option>
					<option value="da">Danish</option>
					<option value="de">Deutsch</option>
					<option value="et">Estonia</option>
					<option value="es">Spanish</option>
					<option value="fr">French</option>
					<option value="hr">Croatian</option>
					<option value="it">Italian</option>
					<option value="is">Icelandic</option>
					<option value="lt">Lithuanian</option>
					<option value="hu">Hungarian</option>
					<option value="nl">Dutch</option>
					<option value="nb">Norwegian Bokmal</option>
					<option value="nn">Norwegian</option>
					<option value="pl">Polish</option>
					<option value="pt">Portuguese</option>
					<option value="pt_BR">Portuguese Brazil</option>
					<option value="sk">Slovak</option>
					<option value="fi">Finnish</option>
					<option value="sv">Swedish</option>
					<option value="vi">Vietnamese</option>
					<option value="tr">Turkish</option>
					<option value="bg">Bulgarian</option>
					<option value="ru">Russian</option>
					<option value="tt">Tatars</option>
					<option value="uk">Ukrainian</option>
					<option value="he">Hebrew</option>
					<option value="ar">Arabic</option>
					<option value="zh_CN">Chinese</option>
					<option value="mr">Marathi</option>
				</select>
				<head>{{select_lang}}</head>
			</input>
		</group>
	</settings>
	<db>mysql</db>
</softinstall>