<softinstall xmlns="http://www.softaculous.com">
	<settings>
		<group>
			<heading>{{ad_act}}</heading>
			<input type="text" name="admin_username" size="30" value="admin">
				<head>{{ad_name}}</head>
			</input>
			<input type="text" name="admin_pass" size="30" value="pass">
				<head>{{ad_pass}}</head>
				<handle>__ad_pass</handle>
			</input>
		</group>
		<group>
			<heading>{{ad_lang}}</heading>
			<input type="select">
				<select name="language">
					<option value="en_GB">English</option>
					<option value="en_US">English (US)</option>
					<option value="bg_BG">Bulgarian</option>
					<option value="ca_ES">Catalan</option>
					<option value="cs_CZ">Czech</option>
					<option value="da_DK">Danish</option>
					<option value="de_DE">German</option>
					<option value="et_EE">Estonian</option>
					<option value="es_AR">Spanish (Argentina)</option>
					<option value="es_CO">Spanish (Colombia)</option>
					<option value="es_ES">Spanish</option>
					<option value="es_MX">Spanish (Mexico)</option>
					<option value="es_VE">Spanish (Venezuela)</option>
					<option value="eu_ES">Basque</option>
					<option value="fr_FR">French</option>
					<option value="el_GR">Greek</option>
					<option value="gl_ES">Galician</option>
					<option value="he_IL">Hebrew</option>
					<option value="hr_HR">Croatian</option>
					<option value="it_IT">Italian</option>
					<option value="lv_LV">Latvian</option>
					<option value="lt_LT">Lithuanian</option>
					<option value="hu_HU">Hungarian</option>
					<option value="nl_NL">Dutch</option>
					<option value="pl_PL">Polish</option>
					<option value="nb_NO">Norwegian</option>
					<option value="fa_IR">Persian</option>
					<option value="pt_PT">Portuguese</option>
					<option value="pt_BR">Portuguese (Brazilian)</option>
					<option value="ro_RO">Romanian</option>
					<option value="ru_RU">Russian</option>
					<option value="sk_SK">Slovak</option>
					<option value="sl_SI">Slovenian</option>
					<option value="uk_UA">Ukrainian</option>
					<option value="tr_TR">Turkish</option>
					<option value="sv_SE">Swedish</option>
					<option value="zh_CN">Chinese (Simplified)</option>
					<option value="zh_TW">Chinese (Traditional)</option>
					<option value="ja_JP">Japanese</option>
					<option value="ar_SA">Arabic</option>
					<option value="fi_FI">Finnish</option>
					<option value="vi_VN">Vietnamese</option>
					<option value="th_TH">Thai</option>
					<option value="ms_MY">Malay</option>
					<option value="es_419">Spanish (Latin America)</option>
					<option value="sr_RS">Serbian</option>
				</select>
				<head>{{select_lang}}</head>
			</input>
		</group>
	</settings>
	<db>mysql</db>
	<files>
		<exclude>install/install.php</exclude>
	</files>
</softinstall>