<soft xmlns="http://www.softaculous.com">
	<overview>
		<img src="logo.gif" style="float:right; margin:10px" alt="" />{{overview}}
	</overview>
	<features>
		{{features}}
	</features>
	<demo>
		http://www.softaculous.com/demos/Bootstrap
	</demo>
	<ratings>
		http://www.softaculous.com/softwares/frameworks/Bootstrap
	</ratings>
	<space>
		950150 
	</space>
	<support>
		http://getbootstrap.com/getting-started/
	</support>
	<version>
		3.3.0
	</version>
	<mod>11</mod>
	<release_date>30-10-2014</release_date>
	<softversion>
		4.1.7
	</softversion>
	<languages>
		<english-overview>
		<font size="5" color="#182e7a">Bootstrap</font> Sleek, intuitive, and powerful front-end framework for faster and easier web development.
		<br /><br />
		Bootstrap was made to not only look and behave great in the latest desktop browsers (as well as IE7!), but in tablet and smartphone browsers via responsive CSS as well.
		<br /><br />
		Bootstrap is released under the <a href="http://www.apache.org/licenses/LICENSE-2.0" target="_blank">Apache License v2.0</a>.
		</english-overview>		
		<english-features>
		<ul>
		  <li>A 12-column responsive grid</li>
		  <li>Dozens of components</li>
		  <li>JavaScript plugins</li>
		  <li>Typography, form controls</li>
		  <li>A web-based Customizer to make Bootstrap your own</li>
		</ul>
	</english-features>
	</languages>
</soft>