<soft xmlns="http://www.softaculous.com">
	<overview>
		<img src="logo.gif" style="float:right;margin:10px" alt="" />{{overview}}
	</overview>
	<features>
		{{features}}
	</features>
	<demo>
		http://www.softaculous.com/demos/phpList
	</demo>
	<ratings>
		http://www.softaculous.com/softwares/mail/phpList
	</ratings>
	<space>
		19446769
	</space>
	<support>
		http://www.phplist.com/
	</support>
	<version>
		3.0.10
	</version>
	<mod>31</mod>
	<release_date>21-10-2014</release_date>
	<admin>admin</admin>
	<softversion>
		4.1.7
	</softversion>
	<languages>
		<english-overview>
		<font size="5" color="#182e7a">phpList</font> is an open-source newsletter manager. phplist is free to download, install and use, and is easy to integrate with any website. phplist is downloaded more than 10 000 times per month.
		<br /><br />
		phpList is released under the <a href="http://www.gnu.org/licenses/gpl-2.0.html" target="_blank">GNU/GPL license</a>.
		</english-overview>		
		<english-features>
<ul> 
<li>double opt-in subscription mechanism</li>
<li>scheduling</li>
<li>RSS</li>
<li>list segmentation</li>
<li>click-tracking</li>
<li>attachments</li>
<li>bounce management </li>
</ul>
		</english-features>
	</languages>
</soft>