<softupgrade xmlns="http://www.softaculous.com">
	<setuplocation>?pa=Update</setuplocation>
	<settings>		
		<group>
			<heading>hidden</heading>
			<input type="hidden" name="dummy" value="">
			</input>
		</group>
	</settings>
	<files>
		<exclude>config.php</exclude>
		<exclude>ip_config.php</exclude>
		<exclude>robots.txt</exclude>
		<exclude>.htaccess</exclude>
		<exclude>admin.php</exclude>
		<exclude>favicon.ico</exclude>
		<exclude>index.php</exclude>
		<exclude>license.html</exclude>
		<exclude>readme.md</exclude>
		<exclude>Theme/*</exclude>
		<exclude>Theme/*/*</exclude>
		<exclude>Theme/*/*/*</exclude>
		<exclude>Theme/*/*/*/*</exclude>
		<exclude>Theme/*/*/*/*/*</exclude>
		<exclude>Theme/*/*/*/*/*/*</exclude>
		<exclude>Plugin/*</exclude>
		<exclude>Plugin/*/*</exclude>
		<exclude>Plugin/*/*/*</exclude>
		<exclude>Plugin/*/*/*/*</exclude>
		<exclude>Plugin/*/*/*/*/*</exclude>
		<exclude>Plugin/*/*/*/*/*/*</exclude>
		<exclude>file/*</exclude>
		<exclude>file/*/*</exclude>
		<exclude>file/*/*/*</exclude>
		<exclude>file/*/*/*/*</exclude>
		<exclude>file/*/*/*/*/*</exclude>
		<exclude>file/*/*/*/*/*/*</exclude>
	</files>
	<auto_upgrade>1</auto_upgrade>
</softupgrade>