<softinstall xmlns="http://www.softaculous.com">
	<settings>		
		<group>
			<heading>{{site_set}}</heading>
			<input type="text" name="site_name" size="30" value="Pluck">
				<head>{{site_name}}</head>
			</input>
		</group>
		<group>
			<heading>{{ad_act}}</heading>
			<input type="text" name="admin_email" size="30" value="admin" softmail="true">
				<head>{{ad_email}}</head>
				<handle>__email_address</handle>
			</input>
			<input type="text" name="admin_pass" size="30" value="pass">
				<head>{{ad_pass}}</head>
				<handle>__ad_pass</handle>
			</input>			
		</group>
		<group>
			<heading>{{ad_lang}}</heading>
			<input type="select">
				<select name="language">
					<option value="en">English</option>
					<option value="bg">Bulgarian</option>
					<option value="ca">Catalan</option>
					<option value="da">Danish</option>
					<option value="de">German</option>
					<option value="el">Greek</option>
					<option value="es">Spanish</option>
					<option value="fa">Persian</option>
					<option value="fi">Finnish</option>
					<option value="fr">French</option>
					<option value="he">Hebrew</option>
					<option value="hr">Croation</option>
					<option value="it">Italian</option>
					<option value="hu">Hungarian</option>
					<option value="ja">Japanese</option>
					<option value="lt">Lithuanian</option>
					<option value="lv">Latvian</option>
					<option value="nl">Dutch</option>
					<option value="pl">Polish</option>
					<option value="no">Norwegian</option>
					<option value="pt">Portuguese</option>
					<option value="pt_br">Portuguese (Brazilian)</option>
					<option value="ro">Romanian</option>
					<option value="ru">Russian</option>
					<option value="sk">Slovak</option>
					<option value="sl">Slovenian</option>
					<option value="sv">Swedish</option>
					<option value="th">Thai</option>
					<option value="tr">Turkish</option>
					<option value="zh-cn">Chinese (Simplified)</option>
					<option value="zh-tw">Chinese (Traditional)</option>
				</select>
				<head>{{select_lang}}</head>
			</input>
		</group>
	</settings>
</softinstall>