<softinstall xmlns="http://www.softaculous.com">
	<settings>
		<group>
			<heading>{{db_set}}</heading>
			<input type="text" name="dbprefix" size="30" value="wm_">
				<head>{{db_pre}}</head>
			</input>
		</group>
		<group>
			<heading>{{in_set}}</heading>
			<input type="select">
				<select name="conn_protocol">
					<option value="IMAP4">IMAP4</option>
				</select>
				<head>{{conn_protocol}}</head>
			</input>
			<input type="text" name="in_host_server" size="30" value="imap.site.com">
				<head>{{host_ser}}</head>
				<exp>{{exp_in_host_ser}}</exp>
			</input>
			<input type="text" name="in_m_port" size="30" value="143">
				<head>{{m_port}}</head>
			</input>
			<input type="select">
				<select name="in_ssl">
					<option value="On">On</option>
					<option value="Off">Off</option>
				</select>
				<head>{{ssl_protocol}}</head>
			</input>
		</group>
		<group>
			<heading>{{out_set}}</heading>
			<input type="text" name="out_host_server" size="30" value="smtp.site.com">
				<head>{{host_ser}}</head>
				<exp>{{exp_out_host_ser}}</exp>
			</input>
			<input type="text" name="out_m_port" size="30" value="25">
				<head>{{m_port}}</head>
			</input>
			<input type="select">
				<select name="out_ssl">
					<option value="On">On</option>
					<option value="Off">Off</option>
				</select>
				<head>{{ssl_protocol}}</head>
			</input>
		</group>
		<group>
			<heading>{{site_set}}</heading>
			<input type="text" name="site_name" size="30" value="My WebMail">
				<head>{{site_name}}</head>
			</input>
			<input type="select">
				<select name="language">
					<option value="English">English</option>
					<option value="Arabic">Arabic</option>
					<option value="Chinese-Simplified">Chinese-Simplified</option>
					<option value="Chinese-Traditional">Chinese-Traditional</option>
					<option value="Czech">Czech</option>
					<option value="Danish">Danish</option>
					<option value="Dutch">Dutch</option>
					<option value="Estonian">Estonian</option>
					<option value="Finnish">Finnish</option>
					<option value="French">French</option>
					<option value="German">German</option>
					<option value="Greek">Greek</option>
					<option value="Hebrew">Hebrew</option>
					<option value="Hungarian">Hungarian</option>
					<option value="Italian">Italian</option>
					<option value="Japanese">Japanese</option>
					<option value="Korean">Korean</option>
					<option value="Latvian">Latvian</option>
					<option value="Lithuanian">Lithuanian</option>
					<option value="Norwegian">Norwegian</option>
					<option value="Persian">Persian</option>
					<option value="Polish">Polish</option>
					<option value="Portuguese-Brazil">Portuguese-Brazil</option>
					<option value="Romanian">Romanian</option>
					<option value="Russian">Russian</option>
					<option value="Spanish">Spanish</option>
					<option value="Swedish">Swedish</option>
					<option value="Thai">Thai</option>
					<option value="Turkish">Turkish</option>
					<option value="Ukrainian">Ukrainian</option>
					<option value="Portuguese-Portuguese">Portuguese</option>
				</select>
				<head>{{select_lang}}</head>
			</input>
		</group>
		<group>
			<heading>{{ad_act}}</heading>
			<input type="text" name="admin_username" size="30" value="admin">
				<head>{{ad_name}}</head>
			</input>
			<input type="text" name="admin_pass" size="30" value="pass">
				<head>{{ad_pass}}</head>
				<handle>__ad_pass</handle>
			</input>
		</group>
	</settings>
	<db>mysql</db>
	<files>
		<exclude>install/*</exclude>
		<exclude>install/*/*</exclude>
		<exclude>install/*/*/*</exclude>
		<exclude>install/*/*/*/*</exclude>
	</files>
</softinstall>