{
  "core.conf":{
    "UNIQUE_INSTANCE_CONFIG":{
      "instance_name":"conf.sql",
      "group_switch_value":"conf.sql",
      "SQL_DRIVER":{
        "core_driver":"core",
        "group_switch_value":"core"
      }
    },
    "DIBI_PRECONFIGURATION":{
      "mysql_username":"[[softdbuser]]",
      "mysql_password":"[[softdbpass]]",
      "mysql_host":"[[softdbhost]]",
      "mysql_driver":"mysql",
      "mysql_database":"[[softdb]]",
      "group_switch_value":"mysql"
    }
  },
  "core.auth":{
    "MASTER_INSTANCE_CONFIG":{
      "instance_name":"auth.sql",
      "group_switch_value":"auth.sql",
      "SQL_DRIVER":{
        "core_driver":"core",
        "group_switch_value":"core"
      }
    }
  }
}