<soft xmlns="http://www.softaculous.com">
	<overview>
		<img src="logo.gif" style="float:right;margin:10px;" alt="" />{{overview}}
	</overview>
	<features>
		{{features}}
	</features>
	<demo>
		http://www.softaculous.com/demos/MyBB
	</demo>
	<ratings>
		http://www.softaculous.com/softwares/forums/MyBB
	</ratings>
	<space>
		8269451
	</space>
	<support>
		http://www.mybb.com/support/
	</support>
	<version>
		1.8.1
	</version>
	<mod>30</mod>
	<release_date>23-10-2014</release_date>
	<admin>admin</admin>
	<softversion>
		4.1.7
	</softversion>
	<requirement check="php" type="version" operator="ge" value="5.2.0" />
	<requirement check="php" type="extension" name="SimpleXML" />
	<requirement check="php" type="extension" name="mbstring" />
	<requirement check="php" type="extension" name="gd" />
	<languages>
		<english-overview>
		<font size="5" color="#182e7a">MyBB</font> is a free bulletin board system software package developed by the MyBB Group.
		<br /><br />
		A lot of thought has gone into the MyBB interface to make it easy to use. MyBB uses a standard discussion board structure, so your visitors will feel familiar with the way MyBB works. Your visitors can use the MyBB user control panel to change the way they view discussions. They can also easily start and reply to discussions and markup their posts. The forum administrators and moderators can use MyBB's inline editing and moderation features to control discussion and keep the forum tidy.
		<br /><br />
		MyBB is available to anyone under the <a href="http://www.gnu.org/licenses/gpl.html" target="_blank">GNU/GPL license</a>.
		</english-overview>		
		<english-features>
		<h3>General Features</h3>
		<ul>
			<li>Have an unlimited number of members, forums, posts, threads - and anything else!</li>
			<li>MySQL Fulltext search capabilities (MySQL 4.1+)</li>
			<li>As many copies as you like, one database.</li>
			<li>Completely customizable with our intuitive templates and theme system</li>

			<li>Install or create as many different languages on your forum as you please</li>
			<li>Developed in PHP, compatible with MySQL, PgSQL, and SQLite v2 and v3 database servers</li>
		</ul>

		<h3>Member Features</h3>
		<ul>
			<li>Powerful user control panel</li>

			<li>Custom profiles and settings per user</li>
			<li>Custom profile fields</li>
			<li>Advanced private messaging system with tracking and multiple folders</li>
			<li>Reputation system allowing members to rate each other</li>
			<li>Signatures, avatars, buddy and ignore lists and forum subscriptions</li>
		</ul>

		<h3>Posting Features</h3>
		<ul>
			<li>Attach multiple files to a single post</li>
			<li>Automatic thumbnail generation for attached images</li>
			<li>Clickable smilies and BB Code</li>
			<li>Quick moderation options for moderators</li>

			<li>Email notification of new posts</li>
			<li>Create polls with multiple options and attach them to threads</li>
			<li>Multi-quote - quote multiple posts easily in one reply</li>
		</ul>

		<h3>Thread Display Features</h3>
		<ul>

			<li>Threaded or linear viewing modes</li>
			<li>View a printable version of any thread</li>
			<li>Subscribe to threads or add them to a favorite threads list</li>
			<li>Send threads to your friends via email</li>
			<li>Quick reply area - quickly respond to a thread or quote a reply</li>
			<li>Report posts to moderators</li>

		</ul>

		<h3>Moderation Features</h3>
		<ul>
			<li>Add moderators to particular forums, set their permissions or allow them to moderate all forums</li>
			<li>Extensive logging of all moderation activities performed</li>
			<li>Open, close, stick and unstick threads</li>

			<li>Move or copy threads between forums, merge threads together, split posts from a thread</li>
			<li>Inline moderation - mass action multiple threads or posts in one go</li>
			<li>Create your own moderation tools to perform multiple actions at once</li>
			<li>Moderator control panel allowing moderators to perform some light administrative tasks, such as announcement management, moderation queue management for the forums they moderate, and basic user profile editing.</li>
		</ul>

		<h3>Administration Features</h3>

		<ul>
			<li>Completely customize the look and feel of your forums by creating a color scheme and modifying templates</li>
			<li>Control every aspect of your forums with little technical knowledge</li>
			<li>Manage forum announcements</li>
			<li>Assign permissions to forums and different user groups</li>
			<li>Manage smilies, custom MyCode, post icons, word filters and more</li>

			<li>Powerful user management features, including User Views, which are basically saved searches and allow you to track groups of users</li>
			<li>Ban users by IP address, email address, username or create a timed ban on an account</li>
			<li>Administrator permissions to limit the abilities of secondary administrators</li>
			<li>Run maintenance tasks to keep your forum running in tip-top shape</li>
		</ul>

		<h3>And More...</h3>

		<ul>
			<li>Who's online list</li>
			<li>Advanced event based calendar functionality allowing multiple calendars, ranged and repeating events, event moderation, private and public events, and more</li>
			<li>Fully customizable F.A.Q.</li>
			<li>Members listing and advanced member profile views</li>
			<li>List of the forum moderation staff</li>

			<li>Forum statistics page</li>
		</ul>
		</english-features>
	</languages>
</soft>