<soft xmlns="http://www.softaculous.com">
	<overview>
		<img src="logo.gif" style="float:right; margin:10px;" alt="" />{{overview}}
	</overview>
	<features>
		{{features}}
	</features>
	<demo>
		http://www.softaculous.com/demos/Elgg
	</demo>
	<ratings>
		http://www.softaculous.com/softwares/others/Elgg
	</ratings>
	<space>
		18821875
	</space>
	<support>
		http://www.elgg.org/
	</support>
	<version>
		1.9.4
	</version>
	<mod>39</mod>
	<release_date>19-10-2014</release_date>
	<admin>admin</admin>
	<softversion>
		4.1.7
	</softversion>
	<requirement check="php" type="version" operator="ge" value="5.2.0" />
	<requirement check="php" type="extension" name="xml" />
	<requirement check="php" type="extension" name="mbstring" />
	<requirement check="php" type="extension" name="gd" />
	<languages>
		<english-overview>
		<font size="5" color="#182e7a">Elgg</font> empowers individuals, groups and institutions to create their own fully-featured social environment.<br /><br />
		Elgg, started in 2004, is an open source social engine which powers all kinds of social environments - from education and business to martial arts and rugby. If you are looking for a professional social intranet or want to run a site for your organisation, Elgg is a great choice.
		<br /><br />
		Elgg is free, open, and available to anyone under the <a href="http://www.gnu.org/licenses/old-licenses/gpl-2.0.html" target="_blank">GNU/GPL license</a>.
		</english-overview>		
		<english-features>
		<ul>
			<li>Activity</li>
			<li>Profile</li>
			<li>Notifications</li>
			<li>Groups</li>
			<li>Blog</li>
			<li>Embed</li>
			<li>media</li>
			<li>Files</li>
			<li>The wire</li>
			<li>Pages</li>
			<li>External pages</li>
			<li>Dashboard</li>
			<li>Social bookmarking</li>
			<li>Categories</li>
			<li>Access</li>
			<li>Other goodness</li>
		</ul>
		</english-features>
		<english-select_plugins>Select Plugins</english-select_plugins>
		<english-gutwacaptcha>GutwaCaptcha</english-gutwacaptcha>
		<english-exp_gutwacaptcha>If selected GutwaCaptcha plugin will be installed and activated with your installation.<br />
		Click <a href="http://community.elgg.org/plugins/1172111/1.8.Z/elgg-captcha/" target="_blank">here</a> to visit plugin site.</english-exp_gutwacaptcha>
	</languages>
</soft>