<softinstall xmlns="http://www.softaculous.com">
	<settings>
		<group>
			<heading>{{site_set}}</heading>
			<input type="text" name="site_name" size="30" value="Piwik">
				<head>{{site_name}}</head>
			</input>
		</group>
		<group>
			<heading>{{site_set}}</heading>
			<input type="text" name="site_name" size="30" value="Piwik">
				<head>{{site_name}}</head>
			</input>
				
		</group>
		<group>
			<heading>{{db_set}}</heading>
			<input type="text" name="dbprefix" size="30" value="piwik_">
				<head>{{db_pre}}</head>
				<optional>true</optional>
			</input>
		</group>
		<group>
			<heading>{{ad_act}}</heading>
			<input type="text" name="admin_username" size="30" value="admin">
				<head>{{ad_name}}</head>
			</input>
			<input type="text" name="admin_pass" size="30" value="pass">
				<head>{{ad_pass}}</head>
				<handle>__ad_pass</handle>
			</input>
			<input type="text" name="admin_email" size="30" value="admin" softmail="true">
				<head>{{ad_email}}</head>
				<handle>__email_address</handle>
			</input>
		</group>
		<group>
			<heading>{{ad_lang}}</heading>
			<input type="select">
				<select name="language">
					<option value="en">English</option>
					<option value="am">Amharic</option>
					<option value="ar">Arabic</option>
					<option value="be">Belarusian</option>
					<option value="bg">Bulgarian</option>
					<option value="ca">Catalan</option>
					<option value="cs">Czech</option>
					<option value="da">Danish</option>
					<option value="de">German</option>
					<option value="el">Hellenic</option>
					<option value="es">Spanish</option>
					<option value="et">Estonian</option>
					<option value="eu">Basque</option>
					<option value="fi">Finnish</option>
					<option value="fr">French</option>
					<option value="gl">Galician</option>
					<option value="he">Hebrew</option>
					<option value="hu">Hungarian</option>
					<option value="id">Indonesian</option>
					<option value="is">Icelandic</option>
					<option value="it">Italian</option>
					<option value="ja">Japanese</option>
					<option value="ka">Georgian</option>
					<option value="ko">Korean</option>
					<option value="lt">Lithuanian</option>
					<option value="nb">Norwegian Bokmål</option>
					<option value="nl">Dutch</option>
					<option value="nn">Norwegian Nynorsk</option>
					<option value="pl">Polish</option>
					<option value="pt">Portuguese</option>
					<option value="pt-br">Brazilian Portuguese</option>
					<option value="ro">Romanian</option>
					<option value="ru">Russian</option>
					<option value="sk">Slovak</option>
					<option value="sl">Slovenian</option>
					<option value="sq">Albanian</option>
					<option value="sr">Serbian</option>
					<option value="sv">Swedish</option>
					<option value="te">Veeven</option>
					<option value="th">Thai</option>
					<option value="tr">Turkish</option>
					<option value="uk">Ukrainian</option>
					<option value="zh-cn">Simplified Chinese</option>
					<option value="zh-tw">Traditional Chinese (Taiwan)</option>
				</select>
				<head>{{select_lang}}</head>
			</input>
		</group>
	</settings>
	<db>mysql</db>	
	<cron>
		<min>{rand(0,59)}</min>
		<hour>*</hour>
		<day>*</day>
		<month>*</month>
		<weekday>*</weekday>
		<command>[[php_path]] [[softpath]]/console core:archive --url=[[softurl]]/ > /dev/null</command>
	</cron>
</softinstall>