<softinstall xmlns="http://www.softaculous.com">
	<settings>
		<group>
			<heading>{{ad_act}}</heading>
			<input type="text" name="admin_username" size="30" value="admin" disabled="disabled">
				<head>{{ad_name}}</head>
				<optional>true</optional>
			</input>
			<input type="text" name="admin_pass" size="30" value="pass">
				<head>{{ad_pass}}</head>
				<handle>__ad_pass</handle>
			</input>
			<input type="text" name="admin_email" size="30" value="admin" softmail="true">
				<head>{{ad_email}}</head>
				<handle>__email_address</handle>
			</input>
		</group>
		<group>
			<heading>{{ad_lang}}</heading>
			<input type="select">
				<select name="language">
					<option value="en_US">English</option>
					<option value="ar_SA">Arabic</option>
					<option value="fr_FR">French</option>
					<option value="ca_CA">Catalan</option>
					<option value="cs_CZ">Czech</option>
					<option value="da_DA">Danish</option>
					<option value="es_LA">Galician</option>
					<option value="el_GR">Greek</option>
					<option value="es_ES">Spanish</option>
					<option value="de_DE">German</option>
					<option value="hu_HU">Hungarian</option>
					<option value="it_IT">Italian</option>
					<option value="ja_JP">Japanese</option>
					<option value="lv_LV">Latvian</option>
					<option value="nb_NO">Norwegian</option>
					<option value="nl_NL">Dutch</option>
					<option value="pl_PL">Polish</option>
					<option value="ru_RU">Russian</option>
					<option value="pt_PT">Portuguese</option>
					<option value="pt_BR">Portuguese (Brazil)</option>
					<option value="zh_CN">Simplified Chinese</option>
					<option value="zh_TW">Traditional Chinese</option>
					<option value="sv_SE">Swedish</option>
					<option value="fi_FI">Finnish</option>
					<option value="tr_TR">Turkish</option>
				</select>
				<head>{{select_lang}}</head>
			</input>
		</group>
	</settings>
	<db>mysql</db>
	<cron>
		<min>{rand(0,14)},{rand(15,29)},{rand(30,44)},{rand(45,59)}</min>
		<hour>*</hour>
		<day>*</day>
		<month>*</month>
		<weekday>*</weekday>
		<command>[[php_path]] [[softpath]]/update.php --feeds --quiet</command>
	</cron>
</softinstall>