<soft xmlns="http://www.softaculous.com">
	<overview>
		<img src="Wiki.gif" style="float:right;" alt="" />{{overview}}
	</overview>
	<features>
		{{features}}
	</features>
	<demo>
		http://www.softaculous.com/demos/Media_Wiki
	</demo>
	<ratings>
		http://www.softaculous.com/softwares/wikis/Media_Wiki
	</ratings>
	<space>
		80760443
	</space>
	<support>
		http://www.mediawiki.org/
	</support>
	<version>
		1.23.6
	</version>
	<mod>52</mod>
	<release_date>29-10-2014</release_date>
	<admin>index.php?title=Special:UserLogin</admin>
	<branch>25</branch>
	<branch>421</branch>
	<min_require>1.16</min_require>
	<softversion>
		4.1.7
	</softversion>
	<requirement check="php" type="version" operator="ge" value="5.3.2" />
	<requirement check="php" type="extension" name="pcre" />
	<languages>
		<english-overview>
		<font size="5" color="#182e7a">MediaWiki</font> is a free software wiki package written in PHP, originally for use on Wikipedia. It is now used by several other projects of the non-profit Wikimedia Foundation and by many other wikis.
<br /><br />
MediaWiki is designed to be run on a large server farm for a website that gets millions of hits per day. MediaWiki is an extremely powerful, scalable software and a feature-rich wiki implementation that uses PHP to process and display data stored in a database, such as MySQL.
<br /><br />
MediaWiki is <a href="//en.wikipedia.org/wiki/Free_software" target="_blank">free software</a> licensed under version 2 of the <a href="//en.wikipedia.org/wiki/GNU_General_Public_License" target="_blank">GNU General Public License</a>. Because MediaWiki is licensed free of charge, there is no warranty, to the extent permitted by applicable law. Read <a href="http://www.gnu.org/licenses/old-licenses/gpl-2.0.html" target="_blank">the full text of the GNU GPL version 2 for details.</a>
		</english-overview>		
		<english-features>
<h3>Look and feel</h3>
<ul>
<li><b>Links with shortcuts</b>, arrangement depends on skin</li>
<li><b>Skins</b>: Different ways to present the site.</li>
<li><b><a href="http://meta.wikimedia.org/wiki/Help:User_style" target="_blank">User styles</a></b>: Users can adapt the look and feel of the site through custom CSS on their user pages.</li>
<li><b>"Stub" threshold</b>: Users can see links to articles below a certain size rendered in a different color</li>
<li><b>Printable versions</b> of articles can be generated</li>
<li><b>Auto-number headings</b> in an article (optional)</li>
<li><b>Intra-page Anchors</b></li>
<li><b>Generate a table of contents</b> for long articles (optional)</li>
<li>Automatically turn <b>ISBN numbers</b> into links to an editable list of booksellers</li>
<li><b>XHTML</b>-compatible output (or darn close to it), tidy integration</li>
</ul>

<h3>Multimedia and extensions</h3>
<ul>
<li><b>File upload feature</b> allows to upload graphics or sound files</li>
<li><b>Mathematical formulas using LaTeX syntax</b></li>
<li><b>Automatic resizing</b> of images using ImageMagick or libgd, simple syntax for image captions and image alignment</li>
<li><b>WikiHiero</b> for Egyptian hieroglyphs (needs separate installed components)</li>
<li><b>EasyTimeline</b> for time charts (needs separate installed components)</li>
</ul>

<h3>Keeping track of edits</h3>
<ul>
<li><b>Watchlist</b> Every page has a link "Watch this article for me".</li>
<li><b>User contributions</b> in the sidebar of each user page list all articles the user has worked on, according to the database.</li>
<li><b>Extended recent changes</b> with dynamic collapsing of edits to the same article and quick links to diff the edit, show the article history, show the user page, show the user talk page, or block the user (for sysops)</li>
<li><b>"Related changes":</b> View a filtered version of Recent Changes to the pages linked from the current page.</li>
<li><b>Side-by-side diffs</b> - the diffs are shown side-by-side, and changed portions of lines are highlighted, making it much easier to see what's what. Additionally, a diff is shown during an edit conflict so you can see exactly what you need to reintegrate.</li>
<li><b>Real names</b>. Users can (optionally) specify a "real name" they want to use for author credits.</li>
<li><b>On-page credits</b>. Administrators can enable an on-page paragraph giving credit to editors who've worked on a page.</li>
</ul>

<h3>Backend</h3>
<ul>
<li><b>Database-driven</b> (MySQL and PostgreSQL are both supported)</li>
<li><b>Parser caching</b>: rendered pages are cached to reduce redundant processing</li>
<li><b>Output caching</b>: complete page output can be optionally saved as static HTML files for serving to other clients; support for Squid proxies</li>
<li><b>Cookie-based</b> account and login system, but anonymous users can also edit pages</li>
<li><b>All revisions</b> of an article are stored (optionally compressed)</li>
<li><b>RSS</b> syndication available for many special pages</li>
<li><b>RDF metadata</b></li>
</ul>
		</english-features>
	</languages>
</soft>