<soft xmlns="http://www.softaculous.com">
	<overview>
		<img src="logo.gif" style="float:right;margin:10px;" alt="" />{{overview}}
	</overview>
	<features>
		{{features}}
	</features>
	<demo>
		http://www.softaculous.com/demos/OSClass
	</demo>
	<ratings>
		http://www.softaculous.com/softwares/admanager/OSClass
	</ratings>
	<space>
		16626688
	</space>
	<support>
		http://osclass.org/
	</support>
	<version>
		3.4.3
	</version>
	<mod>28</mod>
	<release_date>30-09-2014</release_date>
	<admin>oc-admin</admin>
	<softversion>
		4.1.7
	</softversion>
	<requirement check="php" type="extension" name="mysqli" />
	<requirement check="php" type="extension" name="gd" />
	<languages>
		<english-overview>
		<font size="5" color="#182e7a">OSClass</font> is all you need to easily create your own classifieds website.
		<br /><br />
		It's a free and open script to create your advertisement or listings site.
		<br /><br />
		OSClass is released under the <a href="http://osclass.org/page/about#license" target="_blank">Apache License 2.0</a>.
		</english-overview>		
		<english-features>
<ul>
<li>Plugins</li>
<li>Themes</li>
<li>Multi-language</li>
<li>Captcha</li>
<li>Dashboard</li>
<li>SEO Friendly</li>
</ul>
		</english-features>		
	</languages>
</soft>