<softinstall xmlns="http://www.softaculous.com">
	<settings>
		<group>
			<heading>{{site_set}}</heading>
			<input type="text" name="site_name" size="30" value="X2CRM">
				<head>{{site_name}}</head>
			</input>
		</group>
		<group>
			<heading>{{ad_act}}</heading>
			<input type="text" name="admin_username" size="30" value="admin">
				<head>{{ad_name}}</head>
			</input>
			<input type="text" name="admin_pass" size="30" value="pass">
				<head>{{ad_pass}}</head>
				<handle>__ad_pass</handle>
			</input>
			<input type="text" name="admin_fname" size="30" value="System">
				<head>{{f_name}}</head>
			</input>
			<input type="text" name="admin_lname" size="30" value="Administrator">
				<head>{{l_name}}</head>
			</input>
			<input type="text" name="admin_email" size="30" value="admin" softmail="true">
				<head>{{ad_email}}</head>
				<handle>__email_address</handle>
			</input>
		</group>
		<group>
			<heading>{{ad_lang}}</heading>
			<input type="select">
				<select name="language">
					<option value="en">English</option>
					<option value="de">Deutsch</option>	
					<option value="es">Spanish</option>
					<option value="fa">Persian</option>
					<option value="fr">French</option>
					<option value="he">Hebrew</option>
					<option value="it">Italian</option>
					<option value="ja">Japanese</option>
					<option value="nl">Dutch</option>
					<option value="pt">Portuguese</option>
					<option value="ru">Russian</option>
					<option value="zh_cn">Chinese</option>
					<option value="el">Greek</option>
					<option value="ko">Korean</option>
					<option value="pl">Polish</option>
				</select>
				<head>{{select_lang}}</head>
			</input>
		</group>
	</settings>
	<db>mysql</db>
	<files>
		<exclude>install.php</exclude>
		<exclude>initialize.php</exclude>
		<exclude>installConfig.php</exclude>
	</files>
</softinstall>