<softinstall xmlns="http://www.softaculous.com">
	<settings>
		<group>
			<heading>{{db_set}}</heading>
			<input type="text" name="dbprefix" size="30" value="cs_">
				<head>{{db_pre}}</head>
				<optional>true</optional>
			</input>
		</group>
		<group>
			<heading>{{ad_act}}</heading>
			<input type="text" name="admin_email" size="30" value="admin" softmail="true">
				<head>{{ad_email}}</head>
				<handle>__email_address</handle>
			</input>
			<input type="text" name="admin_pass" size="30" value="pass">
				<head>{{ad_pass}}</head>
				<handle>__ad_pass</handle>
			</input>
			<input type="hidden" name="admin_folder" value="" save="true">
				<optional>true</optional>
			</input>
		</group>
		<group>
			<heading>{{license_head}}</heading>
			<input type="checkbox" name="license-agreement" value="off">
				<head>{{license-agreement}}</head>
				<exp>{{exp_license-agreement}}</exp>
			</input>
		</group>
	</settings>
	<db>mysql</db>
	<files>
		<exclude>install/*</exclude>
		<exclude>install/*/*</exclude>
		<exclude>install/*/*/*</exclude>
		<exclude>install/*/*/*/*</exclude>
		<exclude>install/*/*/*/*/*</exclude>
		<exclude>install/*/*/*/*/*/*</exclude>
	</files>
</softinstall>