<soft xmlns="http://www.softaculous.com">
	<overview>
		<img src="logo.gif" style="float:right;margin:8px;" alt="" />{{overview}}
	</overview>
	<features>
		{{features}}
	</features>
	<demo>
		http://demos.dojotoolkit.org/demos/
	</demo>
	<ratings>
		http://www.softaculous.com/softwares/javascripts/libraries/Dojo
	</ratings>
	<space>
		5419226 
	</space>
	<support>
		http://dojotoolkit.org/
	</support>
	<version>
		1.10.2
	</version>
	<mod>21</mod>
	<softversion>
		4.1.7
	</softversion>
	<languages>
		<english-overview>
		<font size="5" color="#182e7a">Dojo</font> is an Open Source DHTML toolkit written in JavaScript. It builds on several contributed code bases (nWidgets, Burstlib, f(m)), which is why we refer to it sometimes as a "unified" toolkit. 
		<br /><br />
		Dojo aims to solve some long-standing historical problems with DHTML which prevented mass adoption of dynamic web application development.
		<br /><br />
		Dojo is availble under either the terms of the modified BSD license or the <a href="http://dojotoolkit.org/license" target="_blank">Academic Free License, v2.1</a>.
		</english-overview>		
		<english-features>
		<ul>
<li>Ajax</li>
<li>Events</li>
<li>Packaging</li>
<li>CSS-based querying</li>
<li>Animations</li>
<li>JSON</li>
</ul>
<font size="4" color="78ba91"><b>Browser Compatibility</b></font>
<ul>
<li>Internet Explorer 6.0-8.0</li>
<li>Firefox 1.5-3.0</li>
<li>Safari 3.1</li>
<li>Opera 9.6</li>
<li>Konqueror 3.5+</li>
</ul>
		</english-features>
	</languages>
</soft>