<softinstall xmlns="http://www.softaculous.com">
	<settings>
		<group>
			<heading>{{ad_act}}</heading>
			<input type="text" name="admin_username" size="30" value="admin">
				<head>{{ad_name}}</head>
			</input>
			<input type="text" name="admin_pass" size="30" value="pass">
				<head>{{ad_pass}}</head>
				<handle>__admin_pass</handle>
			</input>
		</group>
	</settings>
	<db>mysql</db>
	<files>
		<exclude>installer</exclude>
		<exclude>installer/*</exclude>
		<exclude>installer/*/*</exclude>
		<exclude>installer/*/*/*</exclude>
	</files>
</softinstall>