<softinstall xmlns="http://www.softaculous.com">
	<settings>
		<group>
			<heading>{{site_set}}</heading>
			<input type="text" name="license_key" size="30" value="">
				<head>{{license_key}}</head>
				<exp>{{exp_license_key}}</exp>
				<handle>__license_key</handle>
			</input>
		</group>
		<group>
			<heading>{{ad_act}}</heading>
			<input type="text" name="admin_email" size="30" value="admin" softmail="true">
				<head>{{ad_email}}</head>
				<handle>__email_address</handle>
			</input>
			<input type="text" name="admin_pass" size="30" value="pass">
				<head>{{ad_pass}}</head>
				<handle>__admin_pass</handle>
			</input>
			<input type="text" name="admin_fname" size="30" value="System">
				<head>{{f_name}}</head>
			</input>
			<input type="text" name="admin_lname" size="30" value="Administrator">
				<head>{{l_name}}</head>
			</input>
		</group>
	</settings>
	<db>mysql</db>
</softinstall>