<softinstall xmlns="http://www.softaculous.com">
	<settings>
		<group>
			<heading>{{site_set}}</heading>
			<input type="text" name="site_name" size="30" value="Concrete">
				<head>{{site_name}}</head>
			</input>
			<input type="checkbox" name="sample_data" value="on">
				<head>{{Sample_Data}}</head>
			</input>
			</group>
		
		<group>
			<heading>{{ad_act}}</heading>
			<input type="text" name="admin_username" size="30" value="admin">
				<head>{{ad_name}}</head>
			</input>
			<input type="text" name="admin_pass" size="30" value="pass">
				<head>{{ad_pass}}</head>
				<handle>__ad_pass</handle>
			</input>
			
			<input type="text" name="admin_email" size="30" value="admin" softmail="true">
				<head>{{ad_email}}</head>
				<handle>__email_address</handle>
			</input>
		</group>
		<group>
			<heading>{{ad_lang}}</heading>
			<input type="select">
				<select name="language">
					<option value="en_US">English</option>
					<option value="da_DK">Danish</option>
					<option value="fi_FI">Finnish</option>
					<option value="fr_FR">French</option>	
					<option value="de_DE">German</option>	
					<option value="el_GR">Greek</option>
					<option value="it_IT">Italian</option>
					<option value="ja_JP">Japanese</option>
					<option value="ru_RU">Russian</option>
					<option value="sl_SI">Slovenian</option>
					<option value="sv_SE">Swedish</option>
					<option value="tr_TR">Turkish</option>
				</select>
				<head>{{select_lang}}</head>
			</input>
		</group>
	</settings>
	<db>mysql</db>
</softinstall>